{
    "info": {
        "formatVersion": 3
    },
    "jokes": [
        {
            "category": "Misc",
            "type": "single",
            "joke": "Una ardilla le pregunta a otra que quiere ser cuando grande, la otra ardilla de responde \"Ardila Lülle\".",
            "flags": {
                "nsfw": true,
                "religious": false,
                "political": true,
                "racist": false,
                "sexist": false
            },
            "id": 0,
            "safe": false
        },
        {
            "category": "Programming",
            "type": "twopart",
            "setup": "¿Qué es un terapeuta?",
            "delivery": "1024 Gigapeutas",
            "flags": {
                "nsfw": false,
                "religious": false,
                "political": false,
                "racist": false,
                "sexist": false,
                "explicit": false
            },
            "safe": true,
            "id": 1
        },
        {
            "category": "Programming",
            "type": "twopart",
            "setup": "¿Qué le dice un .GIF a un .JPEG?",
            "delivery": "Anímate viejo.",
            "flags": {
                "nsfw": false,
                "religious": false,
                "political": false,
                "racist": false,
                "sexist": false,
                "explicit": false
            },
            "safe": true,
            "id": 2
        },
        {
            "category": "Programming",
            "type": "single",
            "joke": "No te despedirán del trabajo, si nunca comentas tu código y además eres el único que sabe cómo funciona",
            "flags": {
                "nsfw": false,
                "religious": false,
                "political": false,
                "racist": false,
                "sexist": false,
                "explicit": false
            },
            "safe": true,
            "id": 3
        },
        {
            "category": "Programming",
            "type": "twopart",
            "setup": "¿Qué es el hardware?",
            "delivery": "El que recibe los golpes cuando falla el software.",
            "flags": {
                "nsfw": false,
                "religious": false,
                "political": false,
                "racist": false,
                "sexist": false,
                "explicit": false
            },
            "safe": true,
            "id": 4
        },
        {
            "category": "Programming",
            "type": "single",
            "joke": "Sólo hay 10 tipos de personas en este mundo, las que entienden binario y las que no.",
            "flags": {
                "nsfw": false,
                "religious": false,
                "political": false,
                "racist": false,
                "sexist": false,
                "explicit": false
            },
            "safe": true,
            "id": 5
        },
        {
            "category": "Programming",
            "type": "twopart",
            "setup": "¿Por qué C consigue todas las chicas y Java no tiene ninguna?",
            "delivery": "Porque C no las trata como objetos.",
            "flags": {
                "nsfw": false,
                "religious": false,
                "political": false,
                "racist": false,
                "sexist": false,
                "explicit": false
            },
            "safe": true,
            "id": 6
        }
    ]
}