{
    "info": {
        "formatVersion": 3
    },
    "jokes": [
        {
            "category": "Misc",
            "type": "twopart",
            "setup": "O que é um cheiro verde?",
            "delivery": "Peido do Hulk.",
            "flags": {
                "nsfw": false,
                "religious": false,
                "political": false,
                "racist": false,
                "sexist": false,
                "explicit": false
            },
            "safe": true,
            "id": 0
        },
        {
            "category": "Misc",
            "type": "twopart",
            "setup": "O que o pagodeiro foi fazer na igreja?",
            "delivery": "Cantar pá God.",
            "flags": {
                "nsfw": false,
                "religious": true,
                "political": false,
                "racist": false,
                "sexist": false,
                "explicit": false
            },
            "safe": false,
            "id": 1
        }
    ]
}