{
    "info": {
        "formatVersion": 3
    },
    "jokes": [
        {
            "category": "Pun",
            "type": "twopart",
            "setup": "Was bist du, wenn du nicht weißt, was du tun sollst, nachdem dein Fahrrad geklaut wurde?",
            "delivery": "Radlos.",
            "flags": {
                "nsfw": false,
                "racist": false,
                "sexist": false,
                "religious": false,
                "political": false,
                "explicit": false
            },
            "id": 0,
            "safe": true
        },
        {
            "category": "Pun",
            "type": "twopart",
            "setup": "Wie nennt man einen schwulen, exotischen Vogel, der Kinder hat?",
            "delivery": "Einen Papagay.",
            "flags": {
                "nsfw": false,
                "racist": false,
                "sexist": false,
                "religious": false,
                "political": false,
                "explicit": false
            },
            "id": 1,
            "safe": true
        },
        {
            "category": "Pun",
            "type": "twopart",
            "setup": "Wie heißt ein dünner Mensch mit Bulimie?",
            "delivery": "Brechstange.",
            "flags": {
                "nsfw": false,
                "racist": false,
                "sexist": false,
                "religious": false,
                "political": false,
                "explicit": false
            },
            "id": 2,
            "safe": true
        },
        {
            "category": "Pun",
            "type": "twopart",
            "setup": "Was lebt im Wald und schreit \"Kugel\"?",
            "delivery": "Der Kugelschreibär.",
            "flags": {
                "nsfw": false,
                "racist": false,
                "sexist": false,
                "religious": false,
                "political": false,
                "explicit": false
            },
            "id": 3,
            "safe": true
        },
        {
            "category": "Pun",
            "type": "twopart",
            "setup": "Wie nennt sich ein Vogel mit Daddy-Fetisch?",
            "delivery": "Ein Papageil.",
            "flags": {
                "nsfw": true,
                "racist": false,
                "sexist": false,
                "religious": false,
                "political": false,
                "explicit": true
            },
            "id": 4,
            "safe": false
        },
        {
            "category": "Pun",
            "type": "twopart",
            "setup": "Im Bundestag gibt es neue Auflagen.",
            "delivery": "Die Stühle waren zu unbequem.",
            "flags": {
                "nsfw": false,
                "racist": false,
                "sexist": false,
                "religious": false,
                "political": false,
                "explicit": false
            },
            "id": 5,
            "safe": true
        },
        {
            "category": "Pun",
            "type": "twopart",
            "setup": "Warum hat niemand das Getränk des Soldaten gefunden?",
            "delivery": "Es war in einer Camouflasche.",
            "flags": {
                "nsfw": false,
                "racist": false,
                "sexist": false,
                "religious": false,
                "political": false,
                "explicit": false
            },
            "id": 6,
            "safe": true
        },
        {
            "category": "Pun",
            "type": "twopart",
            "setup": "Eine notgeile, inkontinente Henne flattert zum Arzt. Die Diagnose?",
            "delivery": "Hahndrang.",
            "flags": {
                "nsfw": true,
                "racist": false,
                "sexist": false,
                "religious": false,
                "political": false,
                "explicit": true
            },
            "id": 7,
            "safe": false
        },
        {
            "category": "Programming",
            "type": "twopart",
            "setup": "Kurzarbeit?",
            "delivery": "Sind das dann 7 Bit?",
            "flags": {
                "nsfw": false,
                "racist": false,
                "sexist": false,
                "religious": false,
                "political": false,
                "explicit": false
            },
            "id": 8,
            "safe": true
        },
        {
            "category": "Pun",
            "type": "twopart",
            "setup": "Wie schreibt ein Oktopus?",
            "delivery": "Krakelig.",
            "flags": {
                "nsfw": false,
                "racist": false,
                "sexist": false,
                "religious": false,
                "political": false,
                "explicit": false
            },
            "id": 9,
            "safe": true
        },
        {
            "category": "Pun",
            "type": "twopart",
            "setup": "Warum ist der ägyptische Totengott kein erfolgreicher Pro-Gamer?",
            "delivery": "Weil er Anubis.",
            "flags": {
                "nsfw": false,
                "racist": false,
                "sexist": false,
                "religious": false,
                "political": false,
                "explicit": false
            },
            "id": 10,
            "safe": true
        },
        {
            "category": "Pun",
            "type": "twopart",
            "setup": "Wie nennt man ein ungerubbeltes Rubbellos?",
            "delivery": "Rubbellos.",
            "flags": {
                "nsfw": false,
                "racist": false,
                "sexist": false,
                "religious": false,
                "political": false,
                "explicit": false
            },
            "id": 11,
            "safe": true
        },
        {
            "category": "Pun",
            "type": "twopart",
            "setup": "Ziemlich unfreundlich diese Älpler.",
            "delivery": "Überall haben sie Schilder, auf denen steht \"Wander weg\"!",
            "flags": {
                "nsfw": false,
                "racist": false,
                "sexist": false,
                "religious": false,
                "political": false,
                "explicit": false
            },
            "id": 12,
            "safe": true
        },
        {
            "category": "Pun",
            "type": "twopart",
            "setup": "Was verwendet eine ägyptische Pharaonin um ihren Hintern zu wischen?",
            "delivery": "Kleopapier.",
            "flags": {
                "nsfw": false,
                "racist": false,
                "sexist": false,
                "religious": false,
                "political": false,
                "explicit": false
            },
            "id": 13,
            "safe": true
        },
        {
            "category": "Programming",
            "type": "single",
            "joke": "Die Selbsthilfegruppe \"HTML-Sonderzeichen-Probleme\" trifft sich heute im gro&szlig;en Saal.",
            "flags": {
                "nsfw": false,
                "racist": false,
                "sexist": false,
                "religious": false,
                "political": false,
                "explicit": false
            },
            "id": 14,
            "safe": true
        },
        {
            "category": "Programming",
            "type": "single",
            "joke": "Wenn man diese CD rückwärts spielt, sind satanische Verse zu hören.\nViel schlimmer, wenn man sie vorwärts spielt, installiert sie Windows.",
            "flags": {
                "nsfw": false,
                "racist": false,
                "sexist": false,
                "religious": false,
                "political": false,
                "explicit": false
            },
            "id": 15,
            "safe": true
        },
        {
            "category": "Programming",
            "type": "single",
            "joke": "Die Mutter schickt ihren Sohn mit folgender Einkaufsliste in den Supermarkt: \"Eine Packung Milch, und wenn die Eier haben, bring drei Packungen mit.\"\nIm Supermarkt stellt der Sohn fest, es gibt dort Eier, also bringt er drei Packungen Milch mit.",
            "flags": {
                "nsfw": false,
                "racist": false,
                "sexist": false,
                "religious": false,
                "political": false,
                "explicit": false
            },
            "id": 16,
            "safe": true
        },
        {
            "category": "Programming",
            "type": "single",
            "joke": "Täglich verschwinden hunderte Senioren im Netz, weil sie \"Alt\" und \"Entf\" drücken.",
            "flags": {
                "nsfw": false,
                "racist": false,
                "sexist": false,
                "religious": false,
                "political": false,
                "explicit": false
            },
            "id": 17,
            "safe": true
        },
        {
            "category": "Misc",
            "type": "single",
            "joke": "Facebook ist wie ein Gefängnis. Man sitzt rum, verschwendet Zeit, schreibt an Wände und wird angestupst von Leuten die man nicht kennt.",
            "flags": {
                "nsfw": true,
                "racist": false,
                "sexist": false,
                "religious": false,
                "political": false,
                "explicit": true
            },
            "id": 18,
            "safe": false
        },
        {
            "category": "Programming",
            "type": "twopart",
            "setup": "Es gibt 10 Arten von Menschen.",
            "delivery": "Die einen verstehen das Binäre System, die anderen nicht.",
            "flags": {
                "nsfw": false,
                "racist": false,
                "sexist": false,
                "religious": false,
                "political": false,
                "explicit": false
            },
            "id": 19,
            "safe": true
        },
        {
            "category": "Programming",
            "type": "twopart",
            "setup": "Was macht ein Informatiker wenn sein Wagen nicht mehr anspringt?",
            "delivery": "Aussteigen, einsteigen und nochmal starten.",
            "flags": {
                "nsfw": false,
                "racist": false,
                "sexist": false,
                "religious": false,
                "political": false,
                "explicit": false
            },
            "id": 20,
            "safe": true
        },
        {
            "category": "Programming",
            "type": "single",
            "joke": "Treffen sich ein Informatiker und ein Wirtschaftsinformatiker.\nInformatiker: \"Hast Du schon das neue Ubuntu?\"\nDer Wirtschaftsinformatiker: \"Nein, ich steh nicht auf Pokemon.\"",
            "flags": {
                "nsfw": false,
                "racist": false,
                "sexist": false,
                "religious": false,
                "political": false,
                "explicit": false
            },
            "id": 21,
            "safe": true
        },
        {
            "category": "Christmas",
            "type": "twopart",
            "setup": "Was stellt sich ein Informatiker zu Weihnachten in die Wohnung?",
            "delivery": "Einen B-Baum.",
            "flags": {
                "nsfw": false,
                "racist": false,
                "sexist": false,
                "religious": false,
                "political": false,
                "explicit": false
            },
            "id": 22,
            "safe": true
        },
        {
            "category": "Misc",
            "type": "single",
            "joke": "Wer zuletzt lacht ... hat den höchsten Ping.",
            "flags": {
                "nsfw": false,
                "racist": false,
                "sexist": false,
                "religious": false,
                "political": false,
                "explicit": false
            },
            "id": 23,
            "safe": true
        },
        {
            "category": "Misc",
            "type": "single",
            "joke": "Das echte Leben nervt ... aber die Grafik ist gut.",
            "flags": {
                "nsfw": false,
                "racist": false,
                "sexist": false,
                "religious": false,
                "political": false,
                "explicit": false
            },
            "id": 24,
            "safe": true
        },
        {
            "category": "Programming",
            "type": "single",
            "joke": "Deine Mutter ist wie ein L3-Cache. Sie wird zwischen allen 4 Kernen durchgereicht und jeder hat Zugriff.",
            "flags": {
                "nsfw": true,
                "racist": false,
                "sexist": false,
                "religious": false,
                "political": false,
                "explicit": true
            },
            "id": 25,
            "safe": false
        },
        {
            "category": "Programming",
            "type": "twopart",
            "setup": "Was ist die Lieblingsbeschäftigung von Bits?",
            "delivery": "Busfahren.",
            "flags": {
                "nsfw": false,
                "racist": false,
                "sexist": false,
                "religious": false,
                "political": false,
                "explicit": false
            },
            "id": 26,
            "safe": true
        },
        {
            "category": "Misc",
            "type": "twopart",
            "setup": "Treffen sich zwei Kerzen.",
            "delivery": "Fragt die eine \"Was machst du heute?\"\nSagt die andere \"Ich gehe aus.\"",
            "flags": {
                "nsfw": false,
                "religious": false,
                "political": false,
                "racist": false,
                "sexist": false,
                "explicit": false
            },
            "id": 27,
            "safe": true
        },
        {
            "category": "Misc",
            "type": "single",
            "joke": "Ich hab gerade den DJ angerufen. Er hat aufgelegt.",
            "flags": {
                "nsfw": false,
                "religious": false,
                "political": false,
                "racist": false,
                "sexist": false,
                "explicit": false
            },
            "id": 28,
            "safe": true
        },
        {
            "category": "Misc",
            "type": "single",
            "joke": "Ein Beamter zum anderen: \"Was haben die Leute nur, wir tun doch nichts!\"",
            "flags": {
                "nsfw": false,
                "religious": false,
                "political": true,
                "racist": false,
                "sexist": false,
                "explicit": false
            },
            "id": 29,
            "safe": false
        },
        {
            "category": "Pun",
            "type": "twopart",
            "setup": "Warst du eigentlich schonmal in Las Vegas?",
            "delivery": "Nevada noch nie.",
            "flags": {
                "nsfw": false,
                "religious": false,
                "political": false,
                "racist": false,
                "sexist": false,
                "explicit": false
            },
            "id": 30,
            "safe": true
        },
        {
            "category": "Pun",
            "type": "twopart",
            "setup": "Wenn dir von Baguette schlecht wird...",
            "delivery": "...dann war's wohl eine Brechstange.",
            "flags": {
                "nsfw": false,
                "religious": false,
                "political": false,
                "racist": false,
                "sexist": false,
                "explicit": false
            },
            "id": 31,
            "safe": true
        },
        {
            "category": "Pun",
            "type": "twopart",
            "setup": "Mir ist heute Morgen ein Joghurtbecher aus der Hand gefallen.",
            "delivery": "Er war nicht mehr haltbar.",
            "flags": {
                "nsfw": false,
                "religious": false,
                "political": false,
                "racist": false,
                "sexist": false,
                "explicit": false
            },
            "id": 32,
            "safe": true
        },
        {
            "category": "Pun",
            "type": "twopart",
            "setup": "Im EDEKA ist gestern das Obstregal umgefallen.",
            "delivery": "Es entstand ein Schaden in Melonenhöhe.",
            "flags": {
                "nsfw": false,
                "religious": false,
                "political": false,
                "racist": false,
                "sexist": false,
                "explicit": false
            },
            "id": 33,
            "safe": true
        },
        {
            "category": "Pun",
            "type": "twopart",
            "setup": "Gab es in Ihrer Familie jemals Fälle von Inzest?",
            "delivery": "Mitnichten!",
            "flags": {
                "nsfw": true,
                "religious": false,
                "political": false,
                "racist": false,
                "sexist": false,
                "explicit": false
            },
            "id": 34,
            "safe": false
        },
        {
            "category": "Pun",
            "type": "single",
            "joke": "Stauseen sind auch nur verdammte Flüsse.",
            "flags": {
                "nsfw": false,
                "religious": false,
                "political": false,
                "racist": false,
                "sexist": false,
                "explicit": false
            },
            "id": 35,
            "safe": true
        }
    ]
}